,Id,SepalLengthCm,SepalWidthCm,PetalLengthCm,PetalWidthCm
Id,1.0,0.7166762728539005,-0.39772881146592737,0.8827473181390557,0.8997585770933499
SepalLengthCm,0.7166762728539005,1.0,-0.10936924995064931,0.8717541573048716,0.8179536333691642
SepalWidthCm,-0.39772881146592737,-0.10936924995064931,1.0,-0.4205160964011539,-0.35654408961380507
PetalLengthCm,0.8827473181390557,0.8717541573048716,-0.4205160964011539,1.0,0.9627570970509662
PetalWidthCm,0.8997585770933499,0.8179536333691642,-0.35654408961380507,0.9627570970509662,1.0
